序号,电脑时间戳,接收时间戳,发送时间戳,时延（毫秒）,纬度,经度,海拔,速度（km/h）,锁星数,地面航向(度）,ID,msgCnt,TotalRcvMsgCount,TotalLostMsgCount,AID,Source_Layer2-ID,Dest MAC ID,Priority,Power(dBm),RSSI(dBm),SINR(dB),CBR(%),MCS,RSRP(dBm),EARFCN,Band,TB Size(bit),Type,Label
0,1699941090,1699941087,1699941087,-236.756,116.491163,39.728949,23.3,9.816,47,60.99,F66D578E2976FFFF,27,1,0,3619,8000001,7,8,-123,-93,-1,0,5,-123,55140,47,4264,SPAT,normal
1,1699941090,1699941087,1699941088,-219.73,116.491179,39.728956,23.3,9.816,47,60.99,696E636830303000,33,2,5,3619,8000001,7,8,-122,-92,0,0,5,-122,55140,47,4264,SPAT,normal
2,1699941091,1699941088,1699941088,-215.862,116.491187,39.72896,23.3,9.76,47,60.43,696E636830303000,36,3,7,3619,8000001,7,8,-123,-93,-1,0,5,-123,55140,47,4264,SPAT,normal
3,1699941092,1699941088,1699941089,-219.205,116.491206,39.728968,23.3,9.76,47,60.43,696E636830303000,43,4,13,3619,8000001,7,8,-124,-93,-1,0,5,-124,55140,47,4264,SPAT,normal
4,1699941092,1699941089,1699941089,-223.861,116.491217,39.728973,23.3,9.408,47,59.99,696E636830303000,47,5,16,3619,8000001,7,8,-120,-90,2,0,5,-120,55140,47,4264,SPAT,normal
6,1699941092,1699941089,1699941089,-219.646,116.491223,39.728975,23.3,9.408,47,59.99,696E636830303000,49,6,17,3619,8000001,7,8,-121,-91,1,0,5,-121,55140,47,4264,SPAT,normal
7,1699941093,1699941090,1699941090,-222.812,116.491237,39.72898,23.3,9.371,47,60.43,696E636830303000,54,7,21,3619,8000001,7,8,-122,-83,0,1,5,-122,55140,47,4264,SPAT,normal
8,1699941093,1699941090,1699941091,-222.118,116.491255,39.72899,23.3,9.371,47,60.43,696E636830303000,62,8,28,3619,8000001,7,8,-122,-90,0,0,5,-122,55140,47,4264,SPAT,normal
9,1699941094,1699941091,1699941091,-220.564,116.49127,39.728997,23.3,9.371,47,58.9,696E636830303000,69,9,34,3619,8000001,7,8,-120,-91,2,0,5,-120,55140,47,4264,SPAT,normal
10,1699941094,1699941091,1699941091,-238.15,116.491272,39.728998,23.3,9.371,47,58.9,696E636830303000,70,10,34,3619,8000001,7,8,-121,-88,1,0,5,-121,55140,47,4264,SPAT,normal
11,1699941094,1699941091,1699941092,-220.824,116.491278,39.729001,23.3,9.371,47,58.9,696E636830303000,72,11,35,3619,8000001,7,8,-122,-92,1,1,5,-122,55140,47,4264,SPAT,normal
12,1699941094,1699941091,1699941092,-232.655,116.491281,39.729002,23.3,9.371,47,58.9,696E636830303000,73,12,35,3619,8000001,7,8,-121,-92,1,1,5,-121,55140,47,4264,SPAT,normal
13,1699941095,1699941092,1699941092,-220.248,116.49129,39.729006,23.3,9.39,47,57.94,696E636830303000,76,13,37,3619,8000001,7,8,-125,-89,-3,0,5,-125,55140,47,4264,SPAT,normal
14,1699941095,1699941092,1699941092,-236.704,116.491293,39.729008,23.3,9.39,47,57.94,,77,14,37,3619,8000001,7,8,-117,-89,5,0,5,-117,55140,47,4264,SPAT,normal
15,1699941095,1699941092,1699941092,-235.043,116.491296,39.729009,23.3,9.39,47,57.94,696E636830303000,78,15,37,3619,8000001,7,8,-119,-90,4,1,5,-119,55140,47,4264,SPAT,normal
16,1699941095,1699941092,1699941092,-235.961,116.4913,39.729011,23.3,9.39,47,57.94,696E636830303000,79,16,37,3619,8000001,7,8,-120,-90,2,0,5,-120,55140,47,4264,SPAT,normal
17,1699941096,1699941093,1699941093,-223.945,116.491314,39.729017,23.3,9.316,47,59.16,696E636830303000,85,17,42,3619,8000001,7,8,-124,-93,-2,0,5,-124,55140,47,4264,SPAT,normal
18,1699941096,1699941093,1699941093,-219.036,116.491325,39.729022,23.3,9.316,47,59.16,696E636830303000,89,18,45,3619,8000001,7,8,-121,-91,2,0,5,-121,55140,47,4264,SPAT,normal
19,1699941096,1699941093,1699941094,-218.789,116.491331,39.729025,23.3,9.316,47,59.16,696E636830303000,92,19,47,3619,8000001,7,8,-123,-91,-1,1,5,-123,55140,47,4264,SPAT,normal
20,1699941096,1699941093,1699941094,-238.053,116.491333,39.729026,23.3,9.316,47,59.16,696E636830303000,93,20,47,3619,8000001,7,8,-122,-92,0,1,5,-122,55140,47,4264,SPAT,normal
21,1699941097,1699941094,1699941094,-226.883,116.491339,39.729029,23.3,9.167,47,60.11,696E636830303000,95,21,48,3619,8000001,7,8,-120,-91,3,0,5,-120,55140,47,4264,SPAT,normal
22,1699941097,1699941094,1699941094,-214.565,116.49135,39.729033,23.3,9.241,47,60.77,696E636830303000,99,22,51,3619,8000001,7,8,-122,-92,0,1,5,-122,55140,47,4264,SPAT,normal
23,1699941097,1699941094,1699941094,-229.589,116.491351,39.729033,23.3,9.241,47,60.77,,100,23,51,3619,8000001,7,8,-120,-90,3,1,5,-120,55140,47,4264,SPAT,normal
24,1699941097,1699941094,1699941094,-241.312,116.491354,39.729034,23.3,9.241,47,60.77,,101,24,51,3619,8000001,7,8,-118,-89,4,0,5,-118,55140,47,4264,SPAT,normal
25,1699941098,1699941095,1699941095,-221.175,116.491368,39.72904,23.3,9.167,47,60.11,696E636830303000,106,25,55,3619,8000001,7,8,-121,-91,2,0,5,-121,55140,47,4264,SPAT,normal
26,1699941098,1699941095,1699941095,-234.501,116.491373,39.729042,23.3,9.167,47,60.11,696E636830303000,108,26,56,3619,8000001,7,8,-119,-90,3,0,5,-119,55140,47,4264,SPAT,normal
27,1699941098,1699941095,1699941095,-241.112,116.491375,39.729043,23.3,9.167,47,60.11,,109,27,56,3619,8000001,7,8,-121,-91,1,0,5,-121,55140,47,4264,SPAT,normal
28,1699941098,1699941095,1699941095,-236.063,116.491378,39.729044,23.3,9.167,47,60.11,696E636830303000,110,28,56,3619,8000001,7,8,-120,-91,2,0,5,-120,55140,47,4264,SPAT,normal
29,1699941099,1699941096,1699941096,-220.33,116.49139,39.72905,23.2,9.038,47,60.26,696E636830303000,115,29,60,3619,8000001,7,8,-124,-93,-1,1,5,-124,55140,47,4264,SPAT,normal
31,1699941099,1699941096,1699941096,-220.084,116.491395,39.729052,23.2,8.982,47,62.66,,117,30,61,3619,8000001,7,8,-124,-93,-2,0,5,-124,55140,47,4264,SPAT,normal
32,1699941099,1699941096,1699941096,-236.545,116.491398,39.729054,23.2,9.038,47,60.26,696E636830303000,118,31,61,3619,8000001,7,8,-120,-91,2,0,5,-120,55140,47,4264,SPAT,normal
33,1699941099,1699941096,1699941096,-235.659,116.491401,39.729055,23.2,9.038,47,60.26,696E636830303000,119,32,61,3619,8000001,7,8,-123,-93,-1,0,5,-123,55140,47,4264,SPAT,normal
34,1699941099,1699941096,1699941096,-236.498,116.491405,39.729056,23.2,9.038,47,60.26,696E636830303000,120,33,61,3619,8000001,7,8,-120,-91,2,0,5,-120,55140,47,4264,SPAT,normal
35,1699941099,1699941096,1699941096,-240.724,116.491407,39.729057,23.2,9.038,47,60.26,696E636830303000,121,34,61,3619,8000001,7,8,-121,-91,1,0,5,-121,55140,47,4264,SPAT,normal
37,1699941100,1699941097,1699941097,-219.397,116.491428,39.729066,23.2,8.982,47,62.66,696E636830303000,2,35,69,3619,8000001,7,8,-123,-92,-1,2,5,-123,55140,47,4264,SPAT,normal
38,1699941100,1699941097,1699941098,-222.459,116.491435,39.729069,23.2,8.982,47,62.66,696E636830303000,5,36,71,3619,8000001,7,8,-124,-93,-2,2,5,-124,55140,47,4264,SPAT,normal
39,1699941101,1699941098,1699941098,-226.783,116.491441,39.729071,23.2,8.945,47,62.31,696E636830303000,7,37,72,3619,8000001,7,8,-119,-90,3,1,5,-119,55140,47,4264,SPAT,normal
40,1699941101,1699941098,1699941098,-234.23,116.491443,39.729072,23.2,8.945,47,62.31,696E636830303000,8,38,72,3619,8000001,7,8,-122,-92,0,1,5,-122,55140,47,4264,SPAT,normal
41,1699941101,1699941098,1699941098,-220.344,116.49145,39.729076,23.2,8.945,47,62.31,696E636830303000,11,39,74,3619,8000001,7,8,-121,-91,1,1,5,-121,55140,47,4264,SPAT,normal
43,1699941101,1699941098,1699941098,-224.16,116.491458,39.729079,23.1,8.908,47,60.51,,14,40,76,3619,8000001,7,8,-119,-90,3,1,5,-119,55140,47,4264,SPAT,normal
44,1699941101,1699941098,1699941099,-237.313,116.491461,39.729081,23.2,8.945,47,62.31,696E636830303000,15,41,76,3619,8000001,7,8,-121,-91,1,1,5,-121,55140,47,4264,SPAT,normal
45,1699941102,1699941099,1699941099,-221.175,116.491469,39.729084,23.1,8.834,47,59.62,696E636830303000,18,42,78,3619,8000001,7,8,-116,-88,6,2,5,-116,55140,47,4264,SPAT,normal
46,1699941102,1699941099,1699941099,-241.701,116.491471,39.729085,23.1,8.908,47,60.51,696E636830303000,19,43,78,3619,8000001,7,8,-118,-89,5,1,5,-118,55140,47,4264,SPAT,normal
47,1699941102,1699941099,1699941099,-239.876,116.491474,39.729086,23.1,8.908,47,60.51,696E636830303000,20,44,78,3619,8000001,7,8,-119,-90,3,1,5,-119,55140,47,4264,SPAT,normal
50,1699941102,1699941099,1699941099,-238.372,116.491477,39.729087,23.1,8.908,47,60.51,,21,45,78,3619,8000001,7,8,-119,-90,3,2,5,-119,55140,47,4264,SPAT,normal
51,1699941102,1699941099,1699941099,-226.129,116.491481,39.729089,23.1,8.908,47,60.51,696E636830303000,23,46,79,3619,8000001,7,8,-119,-90,3,1,5,-119,55140,47,4264,SPAT,normal
52,1699941102,1699941099,1699941099,-235.76,116.491483,39.72909,23.1,8.908,47,60.51,696E636830303000,24,47,79,3619,8000001,7,8,-117,-89,5,1,5,-117,55140,47,4264,SPAT,normal
53,1699941102,1699941099,1699941100,-236.362,116.491486,39.729091,23.1,8.908,47,60.51,,25,48,79,3619,8000001,7,8,-123,-92,0,1,5,-123,55140,47,4264,SPAT,normal
54,1699941103,1699941099,1699941100,-236.587,116.491489,39.729092,23.1,8.908,47,60.51,696E636830303000,26,49,79,3619,8000001,7,8,-120,-91,3,1,5,-120,55140,47,4264,SPAT,normal
55,1699941103,1699941100,1699941100,-216.42,116.491498,39.729096,23.1,8.834,47,59.62,696E636830303000,30,50,82,3619,8000001,7,8,-123,-92,-1,2,5,-123,55140,47,4264,SPAT,normal
56,1699941103,1699941100,1699941100,-235.958,116.4915,39.729097,23.1,8.834,47,59.62,696E636830303000,31,51,82,3619,8000001,7,8,-123,-92,-1,2,5,-123,55140,47,4264,SPAT,normal
57,1699941103,1699941100,1699941100,-236.771,116.491502,39.729098,23.1,8.834,47,59.62,696E636830303000,32,52,82,3619,8000001,7,8,-120,-90,3,1,5,-120,55140,47,4264,SPAT,normal
59,1699941103,1699941100,1699941101,-223.482,116.491509,39.729101,23.1,8.834,47,59.62,696E636830303000,35,53,84,3619,8000001,7,8,-120,-90,3,1,5,-120,55140,47,4264,SPAT,normal
60,1699941104,1699941100,1699941101,-236.333,116.491512,39.729103,23.1,8.834,47,59.62,696E636830303000,36,54,84,3619,8000001,7,8,-117,-88,5,1,5,-117,55140,47,4264,SPAT,normal
61,1699941104,1699941101,1699941101,-235.921,116.491515,39.729104,23.1,8.834,47,59.62,696E636830303000,37,55,84,3619,8000001,7,8,-122,-92,0,1,5,-122,55140,47,4264,SPAT,normal
62,1699941104,1699941101,1699941101,-243.125,116.491517,39.729105,23,8.778,46,58.93,696E636830303000,38,56,84,3619,8000001,7,8,-119,-90,3,1,5,-119,55140,47,4264,SPAT,normal
64,1699941104,1699941101,1699941101,-227.774,116.491527,39.72911,23,8.778,46,58.93,696E636830303000,42,57,87,3619,8000001,7,8,-119,-90,3,1,5,-119,55140,47,4264,SPAT,normal
65,1699941104,1699941101,1699941101,-239.226,116.491529,39.729111,23,8.741,46,59.63,696E636830303000,43,58,87,3619,8000001,7,8,-119,-90,3,1,5,-119,55140,47,4264,SPAT,normal
67,1699941104,1699941101,1699941102,-216.487,116.491535,39.729113,23,8.778,46,58.93,696E636830303000,45,59,88,3619,8000001,7,8,-122,-92,0,2,5,-122,55140,47,4264,SPAT,normal
68,1699941105,1699941101,1699941102,-239.242,116.491537,39.729115,23,8.778,46,58.93,,46,60,88,3619,8000001,7,8,-122,-92,0,2,5,-122,55140,47,4264,SPAT,normal
69,1699941105,1699941102,1699941102,-238.984,116.49154,39.729116,23,8.741,46,59.63,696E636830303000,47,61,88,3619,8000001,7,8,-121,-91,2,1,5,-121,55140,47,4264,SPAT,normal
71,1699941106,1699941103,1699941103,-223.044,116.491567,39.729127,22.9,8.76,46,60.3,696E636830303000,57,62,97,3619,8000001,7,8,-117,-89,5,1,5,-117,55140,47,4264,SPAT,normal
72,1699941106,1699941103,1699941103,-222.305,116.491571,39.729129,22.9,8.76,46,60.3,696E636830303000,59,63,98,3619,8000001,7,8,-119,-90,3,0,5,-119,55140,47,4264,SPAT,normal
73,1699941106,1699941103,1699941103,-240.87,116.491572,39.729129,22.8,8.741,47,57.44,,60,64,98,3619,8000001,7,8,-119,-90,3,0,5,-119,55140,47,4264,SPAT,normal
75,1699941106,1699941103,1699941103,-209.547,116.491581,39.729134,22.9,8.76,46,60.3,696E636830303000,63,65,100,3619,8000001,7,8,-122,-92,0,1,5,-122,55140,47,4264,SPAT,normal
76,1699941106,1699941103,1699941104,-221.507,116.491584,39.729135,22.9,8.76,46,60.3,696E636830303000,65,66,101,3619,8000001,7,8,-120,-91,2,0,5,-120,55140,47,4264,SPAT,normal
77,1699941107,1699941103,1699941104,-228.641,116.491587,39.729137,22.9,8.76,46,60.3,,66,67,101,3619,8000001,7,8,-124,-93,-1,1,5,-124,55140,47,4264,SPAT,normal
78,1699941107,1699941104,1699941104,-233.251,116.491589,39.729138,22.8,8.741,47,57.44,696E636830303000,67,68,101,3619,8000001,7,8,-120,-91,2,1,5,-120,55140,47,4264,SPAT,normal
79,1699941107,1699941104,1699941104,-236.147,116.491591,39.729139,22.8,8.741,47,57.44,696E636830303000,68,69,101,3619,8000001,7,8,-123,-92,-1,1,5,-123,55140,47,4264,SPAT,normal
80,1699941107,1699941104,1699941104,-236.467,116.491594,39.72914,22.7,8.778,47,57.45,696E636830303000,69,70,101,3619,8000001,7,8,-120,-91,2,1,5,-120,55140,47,4264,SPAT,normal
82,1699941107,1699941104,1699941105,-209.635,116.491609,39.729147,22.8,8.741,47,57.44,696E636830303000,75,71,106,3619,8000001,7,8,-123,-92,-1,0,5,-123,55140,47,4264,SPAT,normal
83,1699941108,1699941105,1699941105,-222.617,116.491614,39.72915,22.8,8.741,47,57.44,696E636830303000,77,72,107,3619,8000001,7,8,-122,-92,0,2,5,-122,55140,47,4264,SPAT,normal
84,1699941108,1699941105,1699941105,-240.73,116.491616,39.72915,22.7,8.797,47,57.67,,78,73,107,3619,8000001,7,8,-120,-91,3,2,5,-120,55140,47,4264,SPAT,normal
85,1699941108,1699941105,1699941105,-220.176,116.49162,39.729152,22.7,8.797,47,57.67,696E636830303000,80,74,108,3619,8000001,7,8,-122,-91,0,1,5,-122,55140,47,4264,SPAT,normal
86,1699941108,1699941105,1699941105,-238.475,116.491623,39.729154,22.7,8.778,47,57.45,696E636830303000,81,75,108,3619,8000001,7,8,-119,-90,3,1,5,-119,55140,47,4264,SPAT,normal
88,1699941108,1699941105,1699941105,-234.024,116.491625,39.729155,22.7,8.778,47,57.45,696E636830303000,82,76,108,3619,8000001,7,8,-122,-92,0,1,5,-122,55140,47,4264,SPAT,normal
89,1699941108,1699941105,1699941105,-239.752,116.491627,39.729157,22.7,8.778,47,57.45,696E636830303000,83,77,108,3619,8000001,7,8,-120,-90,2,1,5,-120,55140,47,4264,SPAT,normal
90,1699941108,1699941105,1699941105,-239.476,116.491629,39.729157,22.7,8.778,47,57.45,,84,78,108,3619,8000001,7,8,-119,-90,4,1,5,-119,55140,47,4264,SPAT,normal
91,1699941108,1699941105,1699941106,-232.661,116.491633,39.72916,22.7,8.778,47,57.45,696E636830303000,85,79,108,3619,8000001,7,8,-124,-93,-1,1,5,-124,55140,47,4264,SPAT,normal
92,1699941109,1699941105,1699941106,-237.036,116.491636,39.729161,22.7,8.778,47,57.45,696E636830303000,86,80,108,3619,8000001,7,8,-121,-91,2,1,5,-121,55140,47,4264,SPAT,normal
93,1699941109,1699941106,1699941106,-238.99,116.491637,39.729162,22.7,8.778,47,57.45,696E636830303000,87,81,108,3619,8000001,7,8,-120,-91,2,0,5,-120,55140,47,4264,SPAT,normal
95,1699941109,1699941106,1699941106,-235.281,116.49164,39.729163,22.7,8.778,47,57.45,696E636830303000,88,82,108,3619,8000001,7,8,-127,-94,-4,1,5,-127,55140,47,4264,SPAT,normal
96,1699941109,1699941106,1699941106,-242.573,116.491641,39.729164,22.7,8.834,46,59.21,,89,83,108,3619,8000001,7,8,-119,-90,3,1,5,-119,55140,47,4264,SPAT,normal
98,1699941109,1699941106,1699941106,-222.734,116.491651,39.729169,22.7,8.797,47,57.67,696E636830303000,92,84,110,3619,8000001,7,8,-118,-90,4,0,5,-118,55140,47,4264,SPAT,normal
99,1699941109,1699941106,1699941106,-242.415,116.491651,39.729169,22.7,8.834,46,59.21,,93,85,110,3619,8000001,7,8,-116,-88,6,1,5,-116,55140,47,4264,SPAT,normal
101,1699941109,1699941106,1699941107,-215.403,116.491658,39.729172,22.7,8.797,47,57.67,696E636830303000,95,86,111,3619,8000001,7,8,-121,-92,1,1,5,-121,55140,47,4264,SPAT,normal
102,1699941110,1699941107,1699941107,-226.575,116.491663,39.729175,22.7,8.797,47,57.67,696E636830303000,97,87,112,3619,8000001,7,8,-120,-91,2,1,5,-120,55140,47,4264,SPAT,normal
103,1699941110,1699941107,1699941107,-231.59,116.491665,39.729176,22.7,8.834,46,59.21,696E636830303000,98,88,112,3619,8000001,7,8,-122,-92,0,1,5,-122,55140,47,4264,SPAT,normal
104,1699941110,1699941107,1699941107,-235.684,116.491668,39.729177,22.7,8.834,46,59.21,696E636830303000,99,89,112,3619,8000001,7,8,-118,-90,4,1,5,-118,55140,47,4264,SPAT,normal
106,1699941110,1699941107,1699941107,-237.997,116.49167,39.729178,22.7,8.816,46,57.11,,100,90,112,3619,8000001,7,8,-115,-87,6,1,5,-115,55140,47,4264,SPAT,normal
107,1699941110,1699941107,1699941107,-242.489,116.491672,39.729179,22.7,8.816,46,57.11,696E636830303000,101,91,112,3619,8000001,7,8,-119,-91,3,1,5,-119,55140,47,4264,SPAT,normal
108,1699941110,1699941107,1699941107,-236.696,116.491676,39.729181,22.7,8.834,46,59.21,696E636830303000,102,92,112,3619,8000001,7,8,-120,-91,1,1,5,-120,55140,47,4264,SPAT,normal
109,1699941110,1699941107,1699941107,-242.613,116.491678,39.729182,22.7,8.816,46,57.11,696E636830303000,103,93,112,3619,8000001,7,8,-115,-87,6,1,5,-115,55140,47,4264,SPAT,normal
110,1699941111,1699941107,1699941108,-217.784,116.491686,39.729186,22.7,8.834,46,59.21,696E636830303000,106,94,114,3619,8000001,7,8,-124,-93,-1,2,5,-124,55140,47,4264,SPAT,normal
111,1699941111,1699941108,1699941108,-241.354,116.491687,39.729186,22.7,8.834,46,59.21,,107,95,114,3619,8000001,7,8,-118,-90,4,1,5,-118,55140,47,4264,SPAT,normal
112,1699941111,1699941108,1699941108,-237.761,116.49169,39.729188,22.6,8.871,46,58.5,,108,96,114,3619,8000001,7,8,-116,-88,5,1,5,-116,55140,47,4264,SPAT,normal
113,1699941111,1699941108,1699941108,-236.998,116.491693,39.729189,22.7,8.816,46,57.11,696E636830303000,109,97,114,3619,8000001,7,8,-119,-90,3,1,5,-119,55140,47,4264,SPAT,normal
114,1699941111,1699941108,1699941108,-234.687,116.491695,39.72919,22.7,8.816,46,57.11,696E636830303000,110,98,114,3619,8000001,7,8,-118,-90,4,2,5,-118,55140,47,4264,SPAT,normal
115,1699941111,1699941108,1699941108,-237.865,116.491697,39.729191,22.6,8.871,46,58.5,,111,99,114,3619,8000001,7,8,-122,-92,1,0,5,-122,55140,47,4264,SPAT,normal
116,1699941111,1699941108,1699941108,-237.16,116.4917,39.729192,22.7,8.816,46,57.11,696E636830303000,112,100,114,3619,8000001,7,8,-117,-89,5,0,5,-117,55140,47,4264,SPAT,normal
118,1699941111,1699941108,1699941108,-241.474,116.491702,39.729193,22.7,8.816,46,57.11,,113,101,114,3619,8000001,7,8,-119,-90,3,0,5,-119,55140,47,4264,SPAT,normal
119,1699941111,1699941108,1699941109,-237.549,116.491705,39.729195,22.7,8.816,46,57.11,696E636830303000,114,102,114,3619,8000001,7,8,-118,-89,5,2,5,-118,55140,47,4264,SPAT,normal
120,1699941111,1699941108,1699941109,-238.889,116.491707,39.729196,22.7,8.816,46,57.11,696E636830303000,115,103,114,3619,8000001,7,8,-120,-91,2,0,5,-120,55140,47,4264,SPAT,normal
121,1699941112,1699941108,1699941109,-237.947,116.49171,39.729197,22.7,8.816,46,57.11,696E636830303000,116,104,114,3619,8000001,7,8,-119,-90,4,0,5,-119,55140,47,4264,SPAT,normal
122,1699941112,1699941109,1699941109,-241.098,116.491711,39.729198,22.6,8.871,46,58.5,,117,105,114,3619,8000001,7,8,-117,-88,5,0,5,-117,55140,47,4264,SPAT,normal
123,1699941112,1699941109,1699941109,-233.472,116.491713,39.729199,22.7,8.853,45,56.41,696E636830303000,118,106,114,3619,8000001,7,8,-114,-86,8,1,5,-114,55140,47,4264,SPAT,normal
125,1699941112,1699941109,1699941109,-241.812,116.491716,39.7292,22.7,8.853,45,56.41,,119,107,114,3619,8000001,7,8,-114,-86,8,1,5,-114,55140,47,4264,SPAT,normal
126,1699941112,1699941109,1699941109,-237.401,116.491718,39.729202,22.6,8.871,46,58.5,696E636830303000,120,108,114,3619,8000001,7,8,-118,-90,4,1,5,-118,55140,47,4264,SPAT,normal
128,1699941112,1699941109,1699941109,-236.207,116.491722,39.729203,22.6,8.871,46,58.5,696E636830303000,121,109,114,3619,8000001,7,8,-117,-88,5,1,5,-117,55140,47,4264,SPAT,normal
129,1699941112,1699941109,1699941109,-236.68,116.491725,39.729205,22.6,8.871,46,58.5,,122,110,114,3619,8000001,7,8,-116,-88,6,0,5,-116,55140,47,4264,SPAT,normal
130,1699941112,1699941109,1699941109,-236.569,116.491726,39.729205,22.6,8.871,46,58.5,,123,111,114,3619,8000001,7,8,-119,-90,3,1,5,-119,55140,47,4264,SPAT,normal
131,1699941112,1699941109,1699941109,-237.115,116.491728,39.729207,22.7,8.853,45,56.41,696E636830303000,124,112,114,3619,8000001,7,8,-118,-89,4,0,5,-118,55140,47,4264,SPAT,normal
133,1699941112,1699941109,1699941110,-236.388,116.491731,39.729208,22.6,8.871,46,58.5,696E636830303000,125,113,114,3619,8000001,7,8,-122,-92,0,1,5,-122,55140,47,4264,SPAT,normal
134,1699941113,1699941109,1699941110,-236.766,116.491734,39.72921,22.6,8.871,46,58.5,696E636830303000,126,114,114,3619,8000001,7,8,-119,-90,3,2,5,-119,55140,47,4264,SPAT,normal
135,1699941113,1699941110,1699941110,-240.061,116.491735,39.72921,22.7,8.908,46,56.79,,127,115,114,3619,8000001,7,8,-118,-89,4,1,5,-118,55140,47,4264,SPAT,normal
136,1699941113,1699941110,1699941110,-236.612,116.491737,39.729211,22.7,8.853,45,56.41,696E636830303000,1,116,115,3619,8000001,7,8,-113,-86,8,0,5,-113,55140,47,4264,SPAT,normal
137,1699941113,1699941110,1699941110,-240.586,116.491739,39.729212,22.7,8.908,46,56.79,,2,117,115,3619,8000001,7,8,-116,-87,6,1,5,-116,55140,47,4264,SPAT,normal
138,1699941113,1699941110,1699941110,-235.965,116.491741,39.729213,22.7,8.853,45,56.41,696E636830303000,3,118,115,3619,8000001,7,8,-117,-89,4,1,5,-117,55140,47,4264,SPAT,normal
141,1699941113,1699941110,1699941110,-231.565,116.491744,39.729214,22.7,8.853,45,56.41,696E636830303000,4,119,115,3619,8000001,7,8,-115,-87,6,0,5,-115,55140,47,4264,SPAT,normal
142,1699941113,1699941110,1699941110,-233.54,116.491747,39.729216,22.7,8.853,45,56.41,696E636830303000,5,120,115,3619,8000001,7,8,-118,-89,4,1,5,-118,55140,47,4264,SPAT,normal
143,1699941113,1699941110,1699941110,-239.751,116.491749,39.729216,22.7,8.908,46,56.79,,6,121,115,3619,8000001,7,8,-115,-87,7,1,5,-115,55140,47,4264,SPAT,normal
144,1699941113,1699941110,1699941111,-236.331,116.491752,39.729218,22.7,8.853,45,56.41,696E636830303000,7,122,115,3619,8000001,7,8,-118,-89,4,1,5,-118,55140,47,4264,SPAT,normal
145,1699941113,1699941110,1699941111,-236.252,116.491754,39.729219,22.7,8.853,45,56.41,,8,123,115,3619,8000001,7,8,-116,-88,5,1,5,-116,55140,47,4264,SPAT,normal
146,1699941114,1699941110,1699941111,-242.95,116.491756,39.72922,22.7,8.853,45,56.41,696E636830303000,9,124,115,3619,8000001,7,8,-117,-89,5,1,5,-117,55140,47,4264,SPAT,normal
148,1699941114,1699941111,1699941111,-239.153,116.491759,39.729221,22.7,8.853,45,56.41,696E636830303000,10,125,115,3619,8000001,7,8,-116,-87,6,1,5,-116,55140,47,4264,SPAT,normal
149,1699941114,1699941111,1699941111,-223.622,116.491763,39.729223,22.7,8.908,46,56.79,696E636830303000,12,126,116,3619,8000001,7,8,-114,-86,8,1,5,-114,55140,47,4264,SPAT,normal
150,1699941114,1699941111,1699941111,-243.287,116.491765,39.729224,22.7,8.908,46,56.79,696E636830303000,13,127,116,3619,8000001,7,8,-116,-88,6,1,5,-116,55140,47,4264,SPAT,normal
151,1699941114,1699941111,1699941111,-234.359,116.491768,39.729226,22.7,8.908,46,56.79,696E636830303000,14,128,116,3619,8000001,7,8,-121,-91,1,1,5,-121,55140,47,4264,SPAT,normal
152,1699941114,1699941111,1699941111,-230.961,116.491771,39.729228,22.7,8.908,46,56.79,,15,129,116,3619,8000001,7,8,-118,-89,4,1,5,-118,55140,47,4264,SPAT,normal
154,1699941114,1699941111,1699941111,-234.772,116.491774,39.72923,22.7,8.908,46,56.79,696E636830303000,16,130,116,3619,8000001,7,8,-115,-87,7,1,5,-115,55140,47,4264,SPAT,normal
155,1699941114,1699941111,1699941112,-236.278,116.491778,39.729232,22.7,8.908,46,56.79,,17,131,116,3619,8000001,7,8,-113,-85,9,1,5,-113,55140,47,4264,SPAT,normal
156,1699941114,1699941111,1699941112,-241.43,116.49178,39.729233,22.7,8.908,46,56.79,696E636830303000,18,132,116,3619,8000001,7,8,-113,-85,9,1,5,-113,55140,47,4264,SPAT,normal
157,1699941115,1699941111,1699941112,-242.711,116.491782,39.729234,22.7,8.908,46,56.79,696E636830303000,19,133,116,3619,8000001,7,8,-111,-83,11,1,5,-111,55140,47,4264,SPAT,normal
158,1699941115,1699941112,1699941112,-239.911,116.491784,39.729235,22.7,8.89,46,56.06,696E636830303000,20,134,116,3619,8000001,7,8,-119,-90,4,1,5,-119,55140,47,4264,SPAT,normal
159,1699941115,1699941112,1699941112,-222.968,116.491788,39.729237,22.7,8.89,46,56.06,696E636830303000,22,135,117,3619,8000001,7,8,-117,-89,5,1,5,-117,55140,47,4264,SPAT,normal
160,1699941115,1699941112,1699941112,-241.924,116.491789,39.729238,22.7,8.89,46,56.06,696E636830303000,23,136,117,3619,8000001,7,8,-117,-89,5,1,5,-117,55140,47,4264,SPAT,normal
161,1699941115,1699941112,1699941112,-228.369,116.491792,39.729239,22.7,8.945,46,57.55,696E636830303000,24,137,117,3619,8000001,7,8,-119,-90,3,1,5,-119,55140,47,4264,SPAT,normal
162,1699941115,1699941112,1699941112,-234.795,116.491794,39.72924,22.7,8.89,46,56.06,696E636830303000,25,138,117,3619,8000001,7,8,-116,-88,6,1,5,-116,55140,47,4264,SPAT,normal
163,1699941115,1699941112,1699941112,-237.905,116.491796,39.729241,22.7,8.89,46,56.06,696E636830303000,26,139,117,3619,8000001,7,8,-118,-89,4,1,5,-118,55140,47,4264,SPAT,normal
164,1699941115,1699941112,1699941113,-239.835,116.491798,39.729243,22.7,8.89,46,56.06,696E636830303000,27,140,117,3619,8000001,7,8,-112,-84,10,1,5,-112,55140,47,4264,SPAT,normal
165,1699941115,1699941112,1699941113,-241.898,116.491801,39.729244,22.7,8.89,46,56.06,696E636830303000,28,141,117,3619,8000001,7,8,-116,-88,6,1,5,-116,55140,47,4264,SPAT,normal
166,1699941116,1699941112,1699941113,-242.699,116.491803,39.729245,22.7,8.89,46,56.06,696E636830303000,29,142,117,3619,8000001,7,8,-119,-90,3,1,5,-119,55140,47,4264,SPAT,normal
167,1699941116,1699941113,1699941113,-239.037,116.491806,39.729246,22.7,8.89,46,56.06,696E636830303000,30,143,117,3619,8000001,7,8,-115,-87,7,1,5,-115,55140,47,4264,SPAT,normal
168,1699941116,1699941113,1699941113,-241.844,116.491808,39.729247,22.7,8.945,46,57.55,,31,144,117,3619,8000001,7,8,-111,-83,11,1,5,-111,55140,47,4264,SPAT,normal
169,1699941116,1699941113,1699941113,-238.052,116.49181,39.729249,22.7,8.945,46,57.55,696E636830303000,32,145,117,3619,8000001,7,8,-117,-88,5,1,5,-117,55140,47,4264,SPAT,normal
170,1699941116,1699941113,1699941113,-237.152,116.491812,39.729249,22.7,8.945,46,57.55,696E636830303000,33,146,117,3619,8000001,7,8,-122,-92,0,1,5,-122,55140,47,4264,SPAT,normal
172,1699941116,1699941113,1699941113,-237.525,116.491814,39.729251,22.7,8.945,46,57.55,696E636830303000,34,147,117,3619,8000001,7,8,-118,-89,4,2,5,-118,55140,47,4264,SPAT,normal
174,1699941116,1699941113,1699941113,-237.564,116.491818,39.729253,22.7,8.945,46,57.55,696E636830303000,35,148,117,3619,8000001,7,8,-122,-92,0,1,5,-122,55140,47,4264,SPAT,normal
175,1699941116,1699941113,1699941113,-232.766,116.49182,39.729254,22.7,8.945,46,57.55,696E636830303000,36,149,117,3619,8000001,7,8,-121,-91,1,1,5,-121,55140,47,4264,SPAT,normal
176,1699941116,1699941113,1699941114,-233.522,116.491823,39.729255,22.7,8.945,46,57.55,,37,150,117,3619,8000001,7,8,-117,-88,5,1,5,-117,55140,47,4264,SPAT,normal
177,1699941116,1699941113,1699941114,-232.366,116.491825,39.729257,22.7,8.945,46,57.55,696E636830303000,38,151,117,3619,8000001,7,8,-121,-91,1,1,5,-121,55140,47,4264,SPAT,normal
178,1699941117,1699941113,1699941114,-240.407,116.491828,39.729258,22.7,8.945,46,57.55,696E636830303000,39,152,117,3619,8000001,7,8,-119,-90,3,2,5,-119,55140,47,4264,SPAT,normal
179,1699941117,1699941114,1699941114,-237.191,116.491831,39.72926,22.7,8.945,46,57.55,696E636830303000,40,153,117,3619,8000001,7,8,-116,-88,6,2,5,-116,55140,47,4264,SPAT,normal
181,1699941117,1699941114,1699941114,-217.258,116.491835,39.729262,22.8,8.945,46,55.65,696E636830303000,42,154,118,3619,8000001,7,8,-117,-89,5,1,5,-117,55140,47,4264,SPAT,normal
182,1699941117,1699941114,1699941114,-239.729,116.491837,39.729263,22.8,8.945,46,55.65,696E636830303000,43,155,118,3619,8000001,7,8,-117,-89,5,1,5,-117,55140,47,4264,SPAT,normal
184,1699941117,1699941114,1699941114,-236.21,116.49184,39.729264,22.8,8.945,46,55.65,,44,156,118,3619,8000001,7,8,-115,-86,7,1,5,-115,55140,47,4264,SPAT,normal
185,1699941117,1699941114,1699941114,-240.549,116.491842,39.729265,22.8,8.945,46,55.65,,45,157,118,3619,8000001,7,8,-114,-87,7,1,5,-114,55140,47,4264,SPAT,normal
186,1699941117,1699941114,1699941114,-235.71,116.491845,39.729267,22.8,8.945,46,55.65,696E636830303000,46,158,118,3619,8000001,7,8,-115,-87,7,1,5,-115,55140,47,4264,SPAT,normal
188,1699941117,1699941114,1699941115,-240.3,116.491847,39.729267,22.8,8.945,46,55.65,,47,159,118,3619,8000001,7,8,-118,-89,5,1,5,-118,55140,47,4264,SPAT,normal
189,1699941117,1699941114,1699941115,-236.293,116.49185,39.729269,22.8,8.945,46,55.65,696E636830303000,48,160,118,3619,8000001,7,8,-116,-88,6,1,5,-116,55140,47,4264,SPAT,normal
190,1699941118,1699941114,1699941115,-235.639,116.491853,39.729271,22.8,8.945,46,55.65,696E636830303000,49,161,118,3619,8000001,7,8,-115,-87,7,1,5,-115,55140,47,4264,SPAT,normal
191,1699941118,1699941115,1699941115,-234.831,116.491855,39.729272,22.8,8.945,46,55.65,696E636830303000,50,162,118,3619,8000001,7,8,-114,-86,8,1,5,-114,55140,47,4264,SPAT,normal
192,1699941118,1699941115,1699941115,-239.532,116.491857,39.729273,22.7,8.982,45,57.1,,51,163,118,3619,8000001,7,8,-113,-85,9,1,5,-113,55140,47,4264,SPAT,normal
193,1699941118,1699941115,1699941115,-236.581,116.491858,39.729274,22.7,8.982,45,57.1,696E636830303000,52,164,118,3619,8000001,7,8,-114,-86,8,1,5,-114,55140,47,4264,SPAT,normal
195,1699941118,1699941115,1699941115,-241.489,116.491861,39.729275,22.7,8.982,45,57.1,696E636830303000,53,165,118,3619,8000001,7,8,-113,-85,9,1,5,-113,55140,47,4264,SPAT,normal
197,1699941118,1699941115,1699941115,-243.187,116.491863,39.729276,22.7,8.982,45,57.1,696E636830303000,54,166,118,3619,8000001,7,8,-112,-84,10,1,5,-112,55140,47,4264,SPAT,normal
198,1699941118,1699941115,1699941115,-235.36,116.491866,39.729278,22.7,8.982,45,57.1,696E636830303000,55,167,118,3619,8000001,7,8,-113,-86,9,1,5,-113,55140,47,4264,SPAT,normal
199,1699941118,1699941115,1699941115,-242.866,116.491867,39.729279,22.7,8.982,45,57.1,,56,168,118,3619,8000001,7,8,-111,-83,11,1,5,-111,55140,47,4264,SPAT,normal
200,1699941118,1699941115,1699941116,-235.22,116.491869,39.729279,22.7,8.982,45,57.1,,57,169,118,3619,8000001,7,8,-114,-86,8,1,5,-114,55140,47,4264,SPAT,normal
201,1699941118,1699941115,1699941116,-243.247,116.49187,39.72928,22.7,8.982,45,57.1,,58,170,118,3619,8000001,7,8,-113,-85,9,1,5,-113,55140,47,4264,SPAT,normal
203,1699941119,1699941115,1699941116,-238.407,116.491874,39.729282,22.7,8.982,45,57.1,696E636830303000,59,171,118,3619,8000001,7,8,-115,-87,7,1,5,-115,55140,47,4264,SPAT,normal
204,1699941119,1699941116,1699941116,-235.175,116.491875,39.729283,22.7,8.982,45,57.1,696E636830303000,60,172,118,3619,8000001,7,8,-111,-83,11,1,5,-111,55140,47,4264,SPAT,normal
205,1699941119,1699941116,1699941116,-239.421,116.491878,39.729285,22.7,8.982,45,57.1,696E636830303000,61,173,118,3619,8000001,7,8,-115,-87,7,1,5,-115,55140,47,4264,SPAT,normal
206,1699941119,1699941116,1699941116,-243.758,116.491881,39.729286,22.7,8.982,44,57.45,,62,174,118,3619,8000001,7,8,-115,-86,7,1,5,-115,55140,47,4264,SPAT,normal
207,1699941119,1699941116,1699941116,-242.269,116.491883,39.729287,22.7,8.982,45,55.87,696E636830303000,63,175,118,3619,8000001,7,8,-112,-84,10,1,5,-112,55140,47,4264,SPAT,normal
209,1699941119,1699941116,1699941116,-233.943,116.491888,39.72929,22.7,8.982,45,55.87,696E636830303000,64,176,118,3619,8000001,7,8,-118,-89,4,1,5,-118,55140,47,4264,SPAT,normal
211,1699941119,1699941116,1699941116,-239.773,116.491891,39.729291,22.7,8.982,45,55.87,,65,177,118,3619,8000001,7,8,-114,-86,8,2,5,-114,55140,47,4264,SPAT,normal
212,1699941119,1699941116,1699941116,-240.575,116.491893,39.729292,22.7,8.982,45,55.87,,66,178,118,3619,8000001,7,8,-115,-87,7,1,5,-115,55140,47,4264,SPAT,normal
213,1699941119,1699941116,1699941117,-231.537,116.491896,39.729293,22.7,8.982,45,55.87,696E636830303000,67,179,118,3619,8000001,7,8,-115,-87,7,1,5,-115,55140,47,4264,SPAT,normal
214,1699941119,1699941116,1699941117,-235.265,116.491898,39.729294,22.7,8.982,45,55.87,,68,180,118,3619,8000001,7,8,-115,-87,7,1,5,-115,55140,47,4264,SPAT,normal
215,1699941120,1699941116,1699941117,-241.158,116.491902,39.729296,22.7,8.982,45,55.87,696E636830303000,69,181,118,3619,8000001,7,8,-113,-86,8,1,5,-113,55140,47,4264,SPAT,normal
216,1699941120,1699941117,1699941117,-243.154,116.491904,39.729297,22.7,8.982,44,57.45,696E636830303000,70,182,118,3619,8000001,7,8,-109,-82,12,1,5,-109,55140,47,4264,SPAT,normal
217,1699941120,1699941117,1699941117,-239.201,116.491906,39.729298,22.7,8.982,44,57.45,,71,183,118,3619,8000001,7,8,-115,-87,7,1,5,-115,55140,47,4264,SPAT,normal
219,1699941120,1699941117,1699941117,-241.936,116.491908,39.729299,22.7,8.945,45,56.76,,72,184,118,3619,8000001,7,8,-113,-85,9,1,5,-113,55140,47,4264,SPAT,normal
220,1699941120,1699941117,1699941117,-231.754,116.491911,39.7293,22.7,8.982,44,57.45,,73,185,118,3619,8000001,7,8,-110,-82,11,1,5,-110,55140,47,4264,SPAT,normal
222,1699941120,1699941117,1699941117,-238.366,116.491914,39.729302,22.7,8.982,44,57.45,696E636830303000,74,186,118,3619,8000001,7,8,-110,-82,11,1,5,-110,55140,47,4264,SPAT,normal
223,1699941120,1699941117,1699941117,-237.891,116.491918,39.729303,22.7,8.982,44,57.45,696E636830303000,75,187,118,3619,8000001,7,8,-113,-85,9,1,5,-113,55140,47,4264,SPAT,normal
224,1699941120,1699941117,1699941117,-235.358,116.491919,39.729304,22.7,8.982,44,57.45,,76,188,118,3619,8000001,7,8,-115,-87,7,1,5,-115,55140,47,4264,SPAT,normal
225,1699941120,1699941117,1699941118,-238.872,116.491921,39.729305,22.7,8.945,45,56.76,,77,189,118,3619,8000001,7,8,-107,-79,14,1,5,-107,55140,47,4264,SPAT,normal
227,1699941120,1699941117,1699941118,-242.098,116.491924,39.729306,22.7,8.982,44,57.45,696E636830303000,78,190,118,3619,8000001,7,8,-108,-81,13,1,5,-108,55140,47,4264,SPAT,normal
228,1699941121,1699941117,1699941118,-237.582,116.491927,39.729308,22.7,8.982,44,57.45,696E636830303000,79,191,118,3619,8000001,7,8,-115,-87,7,1,5,-115,55140,47,4264,SPAT,normal
229,1699941121,1699941118,1699941118,-241.603,116.491928,39.729308,22.7,8.945,45,56.76,,80,192,118,3619,8000001,7,8,-116,-88,6,1,5,-116,55140,47,4264,SPAT,normal
230,1699941121,1699941118,1699941118,-237.482,116.49193,39.729309,22.7,8.964,44,57.36,,81,193,118,3619,8000001,7,8,-118,-89,4,1,5,-118,55140,47,4264,SPAT,normal
231,1699941121,1699941118,1699941118,-237.237,116.491932,39.72931,22.7,8.945,45,56.76,696E636830303000,82,194,118,3619,8000001,7,8,-119,-90,3,1,5,-119,55140,47,4264,SPAT,normal
234,1699941121,1699941118,1699941118,-224.855,116.491939,39.729313,22.7,8.945,45,56.76,696E636830303000,84,195,119,3619,8000001,7,8,-111,-83,11,1,5,-111,55140,47,4264,SPAT,normal
235,1699941121,1699941118,1699941118,-236.441,116.491941,39.729314,22.7,8.945,45,56.76,696E636830303000,85,196,119,3619,8000001,7,8,-114,-86,7,1,5,-114,55140,47,4264,SPAT,normal
236,1699941121,1699941118,1699941118,-241.424,116.491943,39.729315,22.7,8.945,45,56.76,696E636830303000,86,197,119,3619,8000001,7,8,-119,-90,4,1,5,-119,55140,47,4264,SPAT,normal
237,1699941121,1699941118,1699941119,-242.292,116.491946,39.729316,22.7,8.945,45,56.76,696E636830303000,87,198,119,3619,8000001,7,8,-108,-81,13,1,5,-108,55140,47,4264,SPAT,normal
238,1699941121,1699941118,1699941119,-241.791,116.491948,39.729318,22.7,8.945,45,56.76,,88,199,119,3619,8000001,7,8,-112,-84,9,1,5,-112,55140,47,4264,SPAT,normal
239,1699941122,1699941118,1699941119,-232.101,116.491952,39.729319,22.7,8.945,45,56.76,696E636830303000,89,200,119,3619,8000001,7,8,-110,-82,12,1,5,-110,55140,47,4264,SPAT,normal
241,1699941122,1699941119,1699941119,-240.597,116.491954,39.729321,22.7,8.964,44,57.36,696E636830303000,90,201,119,3619,8000001,7,8,-110,-83,10,1,5,-110,55140,47,4264,SPAT,normal
242,1699941122,1699941119,1699941119,-237.075,116.491957,39.729322,22.7,8.964,44,57.36,696E636830303000,91,202,119,3619,8000001,7,8,-110,-83,11,1,5,-110,55140,47,4264,SPAT,normal
243,1699941122,1699941119,1699941119,-240.106,116.491959,39.729323,22.7,8.964,44,57.36,696E636830303000,92,203,119,3619,8000001,7,8,-112,-84,9,1,5,-112,55140,47,4264,SPAT,normal
244,1699941122,1699941119,1699941119,-236.985,116.491961,39.729324,22.7,8.964,44,57.36,,93,204,119,3619,8000001,7,8,-108,-81,12,1,5,-108,55140,47,4264,SPAT,normal
246,1699941122,1699941119,1699941119,-236.525,116.491964,39.729326,22.7,8.964,44,57.36,,94,205,119,3619,8000001,7,8,-120,-90,2,0,5,-120,55140,47,4264,SPAT,normal
247,1699941122,1699941119,1699941119,-243.891,116.491967,39.729327,22.7,8.964,44,57.36,,95,206,119,3619,8000001,7,8,-108,-80,13,0,5,-108,55140,47,4264,SPAT,normal
249,1699941122,1699941119,1699941119,-231.092,116.49197,39.729329,22.7,8.982,44,57.94,,96,207,119,3619,8000001,7,8,-111,-83,10,1,5,-111,55140,47,4264,SPAT,normal
250,1699941122,1699941119,1699941120,-235.836,116.491973,39.72933,22.7,8.964,44,57.36,696E636830303000,97,208,119,3619,8000001,7,8,-113,-85,9,1,5,-113,55140,47,4264,SPAT,normal
251,1699941122,1699941119,1699941120,-239.699,116.491974,39.729331,22.7,8.964,44,57.36,,98,209,119,3619,8000001,7,8,-111,-84,10,1,5,-111,55140,47,4264,SPAT,normal
252,1699941123,1699941119,1699941120,-236.163,116.491977,39.729332,22.7,8.964,44,57.36,,99,210,119,3619,8000001,7,8,-109,-82,12,1,5,-109,55140,47,4264,SPAT,normal
253,1699941123,1699941120,1699941120,-242.532,116.49198,39.729334,22.7,8.982,44,57.94,696E636830303000,100,211,119,3619,8000001,7,8,-110,-82,11,1,5,-110,55140,47,4264,SPAT,normal
254,1699941123,1699941120,1699941120,-237.693,116.491982,39.729335,22.7,8.982,44,57.94,696E636830303000,101,212,119,3619,8000001,7,8,-115,-87,7,1,5,-115,55140,47,4264,SPAT,normal
256,1699941123,1699941120,1699941120,-239.42,116.491984,39.729336,22.7,8.982,44,57.94,,102,213,119,3619,8000001,7,8,-114,-86,8,1,5,-114,55140,47,4264,SPAT,normal
257,1699941123,1699941120,1699941120,-236.198,116.491987,39.729338,22.7,8.982,44,57.94,696E636830303000,103,214,119,3619,8000001,7,8,-115,-87,7,1,5,-115,55140,47,4264,SPAT,normal
259,1699941123,1699941120,1699941120,-239.6,116.491989,39.729339,22.7,8.982,44,57.94,,104,215,119,3619,8000001,7,8,-111,-83,10,1,5,-111,55140,47,4264,SPAT,normal
260,1699941123,1699941120,1699941120,-243.422,116.491991,39.729339,22.7,8.982,44,57.94,,105,216,119,3619,8000001,7,8,-113,-85,8,1,5,-113,55140,47,4264,SPAT,normal
261,1699941123,1699941120,1699941120,-242.944,116.491992,39.72934,22.9,9.019,44,57.93,,106,217,119,3619,8000001,7,8,-109,-81,12,1,5,-109,55140,47,4264,SPAT,normal
262,1699941123,1699941120,1699941121,-243.553,116.491994,39.729341,22.7,8.982,44,57.94,,107,218,119,3619,8000001,7,8,-113,-85,8,1,5,-113,55140,47,4264,SPAT,normal
264,1699941123,1699941120,1699941121,-243.124,116.491997,39.729342,22.7,8.982,44,57.94,,108,219,119,3619,8000001,7,8,-113,-85,9,1,5,-113,55140,47,4264,SPAT,normal
265,1699941124,1699941120,1699941121,-243.282,116.491999,39.729343,22.7,8.982,44,57.94,,109,220,119,3619,8000001,7,8,-114,-85,8,1,5,-114,55140,47,4264,SPAT,normal
266,1699941124,1699941121,1699941121,-243.732,116.492001,39.729345,22.7,8.982,44,57.94,,110,221,119,3619,8000001,7,8,-108,-80,12,1,5,-108,55140,47,4264,SPAT,normal
267,1699941124,1699941121,1699941121,-235.358,116.492004,39.729346,22.9,9.019,44,57.93,696E636830303000,111,222,119,3619,8000001,7,8,-106,-79,13,1,5,-106,55140,47,4264,SPAT,normal
268,1699941124,1699941121,1699941121,-238.636,116.492006,39.729347,22.9,9.019,44,57.93,696E636830303000,112,223,119,3619,8000001,7,8,-111,-84,11,1,5,-111,55140,47,4264,SPAT,normal
269,1699941124,1699941121,1699941121,-242.892,116.492008,39.729349,22.9,9.019,44,57.93,696E636830303000,113,224,119,3619,8000001,7,8,-111,-83,10,1,5,-111,55140,47,4264,SPAT,normal
272,1699941124,1699941121,1699941121,-238.54,116.492012,39.729351,22.9,9.019,44,57.93,,114,225,119,3619,8000001,7,8,-114,-86,8,1,5,-114,55140,47,4264,SPAT,normal
273,1699941124,1699941121,1699941121,-237.376,116.492014,39.729351,22.9,9.019,44,57.93,,115,226,119,3619,8000001,7,8,-115,-87,7,1,5,-115,55140,47,4264,SPAT,normal
274,1699941124,1699941121,1699941121,-238.217,116.492016,39.729353,22.9,9.019,44,57.93,,116,227,119,3619,8000001,7,8,-106,-78,14,1,5,-106,55140,47,4264,SPAT,normal
275,1699941124,1699941121,1699941122,-243.26,116.492018,39.729353,22.9,9.019,44,57.93,,117,228,119,3619,8000001,7,8,-116,-87,6,1,5,-116,55140,47,4264,SPAT,normal
276,1699941124,1699941121,1699941122,-240.841,116.492019,39.729354,22.9,9.019,44,57.93,,118,229,119,3619,8000001,7,8,-117,-72,4,1,5,-117,55140,47,4264,SPAT,normal
277,1699941125,1699941122,1699941122,-235.698,116.492023,39.729357,22.9,9.019,44,57.93,,119,230,119,3619,8000001,7,8,-111,-83,10,1,5,-111,55140,47,4264,SPAT,normal
278,1699941125,1699941122,1699941122,-239.486,116.492025,39.729358,22.9,9.019,44,57.93,696E636830303000,120,231,119,3619,8000001,7,8,-112,-84,10,1,5,-112,55140,47,4264,SPAT,normal
280,1699941125,1699941122,1699941122,-242.217,116.492028,39.729359,22.9,9.075,43,56.05,,121,232,119,3619,8000001,7,8,-110,-83,11,1,5,-110,55140,47,4264,SPAT,normal
281,1699941125,1699941122,1699941122,-238.213,116.49203,39.72936,22.9,9.075,43,56.05,,122,233,119,3619,8000001,7,8,-105,-78,15,1,5,-105,55140,47,4264,SPAT,normal
282,1699941125,1699941122,1699941122,-241.651,116.492032,39.729361,22.9,9.075,43,56.05,,123,234,119,3619,8000001,7,8,-111,-83,10,0,5,-111,55140,47,4264,SPAT,normal
284,1699941125,1699941122,1699941122,-237.838,116.492036,39.729363,22.9,9.075,43,56.05,696E636830303000,124,235,119,3619,8000001,7,8,-112,-84,10,1,5,-112,55140,47,4264,SPAT,normal
285,1699941125,1699941122,1699941122,-241.315,116.492039,39.729364,22.9,9.075,43,56.05,696E636830303000,125,236,119,3619,8000001,7,8,-110,-82,11,1,5,-110,55140,47,4264,SPAT,normal
286,1699941125,1699941122,1699941122,-237.544,116.492042,39.729365,22.9,9.075,43,56.05,696E636830303000,126,237,119,3619,8000001,7,8,-109,-81,13,1,5,-109,55140,47,4264,SPAT,normal
288,1699941125,1699941122,1699941123,-241.883,116.492044,39.729367,22.9,9.075,43,56.05,,127,238,119,3619,8000001,7,8,-113,-85,9,1,5,-113,55140,47,4264,SPAT,normal
289,1699941125,1699941122,1699941123,-237.057,116.492045,39.729367,22.9,9.075,43,56.05,,1,239,120,3619,8000001,7,8,-108,-81,13,1,5,-108,55140,47,4264,SPAT,normal
290,1699941126,1699941123,1699941123,-241.746,116.492049,39.729369,22.9,9.075,43,56.05,,2,240,120,3619,8000001,7,8,-107,-80,14,1,5,-107,55140,47,4264,SPAT,normal
291,1699941126,1699941123,1699941123,-236.354,116.492051,39.72937,22.9,9.075,43,56.05,,3,241,120,3619,8000001,7,8,-112,-84,10,1,5,-112,55140,47,4264,SPAT,normal
292,1699941126,1699941123,1699941123,-240.759,116.492054,39.729371,23,9.019,44,57.04,,4,242,120,3619,8000001,7,8,-108,-80,13,1,5,-108,55140,47,4264,SPAT,normal
293,1699941126,1699941123,1699941123,-230.311,116.492057,39.729373,23,9.019,44,57.04,,5,243,120,3619,8000001,7,8,-110,-82,11,1,5,-110,55140,47,4264,SPAT,normal
295,1699941126,1699941123,1699941123,-240.523,116.492059,39.729374,23,9.019,44,57.04,,6,244,120,3619,8000001,7,8,-107,-80,13,1,5,-107,55140,47,4264,SPAT,normal
297,1699941126,1699941123,1699941123,-236.813,116.492063,39.729375,23,9.019,44,57.04,696E636830303000,7,245,120,3619,8000001,7,8,-109,-82,12,0,5,-109,55140,47,4264,SPAT,normal
298,1699941126,1699941123,1699941123,-240.031,116.492065,39.729376,23,9.019,44,57.04,696E636830303000,8,246,120,3619,8000001,7,8,-110,-83,11,1,5,-110,55140,47,4264,SPAT,normal
299,1699941126,1699941123,1699941123,-236.874,116.492068,39.729378,23,9.019,44,57.04,696E636830303000,9,247,120,3619,8000001,7,8,-110,-83,11,1,5,-110,55140,47,4264,SPAT,normal
300,1699941126,1699941123,1699941124,-241.283,116.49207,39.729378,23,9.019,44,57.04,,10,248,120,3619,8000001,7,8,-118,-89,4,1,5,-118,55140,47,4264,SPAT,normal
301,1699941127,1699941123,1699941124,-238.453,116.492072,39.729379,23,9.019,44,57.04,,11,249,120,3619,8000001,7,8,-111,-83,11,2,5,-111,55140,47,4264,SPAT,normal
303,1699941127,1699941124,1699941124,-238.137,116.492075,39.729381,23,9.019,44,57.04,,12,250,120,3619,8000001,7,8,-113,-85,9,1,5,-113,55140,47,4264,SPAT,normal
304,1699941127,1699941124,1699941124,-239.668,116.492076,39.729381,22.9,9.038,43,58.01,,13,251,120,3619,8000001,7,8,-117,-88,6,1,5,-117,55140,47,4264,SPAT,normal
305,1699941127,1699941124,1699941124,-240.676,116.492079,39.729383,22.9,9.038,43,58.01,696E636830303000,14,252,120,3619,8000001,7,8,-109,-82,12,1,5,-109,55140,47,4264,SPAT,normal
306,1699941127,1699941124,1699941124,-237.638,116.492082,39.729384,22.9,9.038,43,58.01,696E636830303000,15,253,120,3619,8000001,7,8,-108,-81,12,1,5,-108,55140,47,4264,SPAT,normal
307,1699941127,1699941124,1699941124,-239.838,116.492083,39.729385,22.9,9.038,43,58.01,,16,254,120,3619,8000001,7,8,-106,-74,14,1,5,-106,55140,47,4264,SPAT,normal
309,1699941127,1699941124,1699941124,-243.616,116.492088,39.729387,22.9,9.038,43,58.01,696E636830303000,17,255,120,3619,8000001,7,8,-115,-87,7,1,5,-115,55140,47,4264,SPAT,normal
311,1699941127,1699941124,1699941124,-237.939,116.492091,39.729388,22.9,9.038,43,58.01,,18,256,120,3619,8000001,7,8,-117,-88,5,1,5,-117,55140,47,4264,SPAT,normal
312,1699941127,1699941124,1699941124,-243.364,116.492092,39.729389,22.9,9.038,43,58.01,,19,257,120,3619,8000001,7,8,-106,-78,15,1,5,-106,55140,47,4264,SPAT,normal
313,1699941127,1699941124,1699941125,-239.621,116.492094,39.72939,22.9,9.038,43,58.01,,20,258,120,3619,8000001,7,8,-105,-78,15,0,5,-105,55140,47,4264,SPAT,normal
314,1699941127,1699941124,1699941125,-243.057,116.492096,39.729391,22.9,9.038,43,58.01,,21,259,120,3619,8000001,7,8,-112,-84,10,1,5,-112,55140,47,4264,SPAT,normal
315,1699941128,1699941125,1699941125,-240.701,116.492099,39.729392,22.9,9.038,43,58.01,,22,260,120,3619,8000001,7,8,-107,-76,13,1,5,-107,55140,47,4264,SPAT,normal
316,1699941128,1699941125,1699941125,-243.666,116.492102,39.729393,22.9,9.056,43,58.2,,23,261,120,3619,8000001,7,8,-111,-83,10,1,5,-111,55140,47,4264,SPAT,normal
318,1699941128,1699941125,1699941125,-238.863,116.492104,39.729394,22.8,9.075,44,58.24,,24,262,120,3619,8000001,7,8,-115,-86,7,2,5,-115,55140,47,4264,SPAT,normal
319,1699941128,1699941125,1699941125,-243.423,116.492107,39.729396,22.9,9.056,43,58.2,,25,263,120,3619,8000001,7,8,-106,-79,14,1,5,-106,55140,47,4264,SPAT,normal
320,1699941128,1699941125,1699941125,-238.416,116.492109,39.729397,22.9,9.056,43,58.2,,26,264,120,3619,8000001,7,8,-110,-83,11,1,5,-110,55140,47,4264,SPAT,normal
322,1699941128,1699941125,1699941125,-243.14,116.492112,39.729398,22.9,9.056,43,58.2,,27,265,120,3619,8000001,7,8,-112,-84,9,1,5,-112,55140,47,4264,SPAT,normal
323,1699941128,1699941125,1699941125,-239.225,116.492116,39.7294,22.9,9.056,43,58.2,696E636830303000,28,266,120,3619,8000001,7,8,-108,-80,13,1,5,-108,55140,47,4264,SPAT,normal
324,1699941128,1699941125,1699941125,-234.873,116.492118,39.729401,22.9,9.056,43,58.2,,29,267,120,3619,8000001,7,8,-114,-85,8,1,5,-114,55140,47,4264,SPAT,normal
326,1699941128,1699941125,1699941126,-238.895,116.49212,39.729402,22.9,9.056,43,58.2,,30,268,120,3619,8000001,7,8,-110,-83,11,1,5,-110,55140,47,4264,SPAT,normal
327,1699941128,1699941125,1699941126,-242.473,116.492121,39.729402,22.9,9.056,43,58.2,,31,269,120,3619,8000001,7,8,-110,-82,12,1,5,-110,55140,47,4264,SPAT,normal
328,1699941129,1699941126,1699941126,-238.638,116.492125,39.729404,22.9,9.056,43,58.2,696E636830303000,32,270,120,3619,8000001,7,8,-111,-83,10,1,5,-111,55140,47,4264,SPAT,normal
329,1699941129,1699941126,1699941126,-243.365,116.492126,39.729405,22.9,9.056,43,58.2,,33,271,120,3619,8000001,7,8,-111,-84,10,1,5,-111,55140,47,4264,SPAT,normal
330,1699941129,1699941126,1699941126,-238.431,116.492128,39.729406,22.8,9.075,43,58.32,,34,272,120,3619,8000001,7,8,-110,-83,11,1,5,-110,55140,47,4264,SPAT,normal
331,1699941129,1699941126,1699941126,-242.803,116.492131,39.729407,22.8,9.075,44,58.24,,35,273,120,3619,8000001,7,8,-108,-80,13,1,5,-108,55140,47,4264,SPAT,normal
332,1699941129,1699941126,1699941126,-237.867,116.492133,39.729408,22.8,9.075,44,58.24,,36,274,120,3619,8000001,7,8,-111,-83,11,1,5,-111,55140,47,4264,SPAT,normal
335,1699941129,1699941126,1699941126,-242.603,116.492137,39.72941,22.8,9.075,43,58.32,,37,275,120,3619,8000001,7,8,-112,-84,10,2,5,-112,55140,47,4264,SPAT,normal
336,1699941129,1699941126,1699941126,-237.791,116.49214,39.729411,22.8,9.075,44,58.24,,38,276,120,3619,8000001,7,8,-111,-83,10,1,5,-111,55140,47,4264,SPAT,normal
337,1699941129,1699941126,1699941126,-242.045,116.492142,39.729412,22.8,9.075,43,58.32,,39,277,120,3619,8000001,7,8,-113,-85,9,1,5,-113,55140,47,4264,SPAT,normal
338,1699941129,1699941126,1699941127,-238.363,116.492145,39.729414,22.8,9.075,44,58.24,696E636830303000,40,278,120,3619,8000001,7,8,-116,-88,6,1,5,-116,55140,47,4264,SPAT,normal
339,1699941129,1699941126,1699941127,-242.603,116.492147,39.729415,22.8,9.075,43,58.32,,41,279,120,3619,8000001,7,8,-111,-83,11,1,5,-111,55140,47,4264,SPAT,normal
340,1699941130,1699941127,1699941127,-238.97,116.492151,39.729416,22.8,9.075,44,58.24,696E636830303000,42,280,120,3619,8000001,7,8,-110,-82,11,1,5,-110,55140,47,4264,SPAT,normal
342,1699941130,1699941127,1699941127,-242.262,116.492154,39.729418,22.8,9.075,43,58.32,,43,281,120,3619,8000001,7,8,-107,-79,14,1,5,-107,55140,47,4264,SPAT,normal
343,1699941130,1699941127,1699941127,-237.544,116.492156,39.729419,22.8,9.075,43,58.32,,44,282,120,3619,8000001,7,8,-112,-84,10,1,5,-112,55140,47,4264,SPAT,normal
344,1699941130,1699941127,1699941127,-242.426,116.492158,39.72942,22.8,9.075,43,58.32,,45,283,120,3619,8000001,7,8,-114,-85,8,1,5,-114,55140,47,4264,SPAT,normal
345,1699941130,1699941127,1699941127,-237.848,116.49216,39.729421,22.8,9.075,43,58.32,,46,284,120,3619,8000001,7,8,-110,-82,11,1,5,-110,55140,47,4264,SPAT,normal
347,1699941130,1699941127,1699941127,-241.901,116.492164,39.729422,22.8,9.075,43,58.32,,47,285,120,3619,8000001,7,8,-105,-77,15,2,5,-105,55140,47,4264,SPAT,normal
348,1699941130,1699941127,1699941127,-238.618,116.492168,39.729424,22.8,9.075,43,58.32,,48,286,120,3619,8000001,7,8,-108,-81,13,1,5,-108,55140,47,4264,SPAT,normal
350,1699941130,1699941127,1699941127,-238.872,116.49217,39.729425,22.8,9.075,43,58.32,,49,287,120,3619,8000001,7,8,-111,-84,10,1,5,-111,55140,47,4264,SPAT,normal
351,1699941130,1699941127,1699941128,-241.621,116.492172,39.729426,22.8,9.075,43,58.32,,50,288,120,3619,8000001,7,8,-110,-82,11,1,5,-110,55140,47,4264,SPAT,normal
352,1699941131,1699941127,1699941128,-234.562,116.492174,39.729427,22.8,9.075,43,58.32,,51,289,120,3619,8000001,7,8,-110,-82,11,1,5,-110,55140,47,4264,SPAT,normal
353,1699941131,1699941128,1699941128,-239.766,116.492176,39.729428,22.8,9.075,43,58.32,,52,290,120,3619,8000001,7,8,-105,-77,15,1,5,-105,55140,47,4264,SPAT,normal
354,1699941131,1699941128,1699941128,-242.747,116.492178,39.729429,22.9,9.075,43,59.74,696E636830303000,53,291,120,3619,8000001,7,8,-108,-81,13,1,5,-108,55140,47,4264,SPAT,normal
355,1699941131,1699941128,1699941128,-242.353,116.49218,39.72943,22.9,9.093,43,57.73,696E636830303000,54,292,120,3619,8000001,7,8,-109,-82,11,1,5,-109,55140,47,4264,SPAT,normal
357,1699941131,1699941128,1699941128,-241.259,116.492183,39.729431,22.9,9.075,43,59.74,,55,293,120,3619,8000001,7,8,-108,-81,12,1,5,-108,55140,47,4264,SPAT,normal
358,1699941131,1699941128,1699941128,-237.463,116.492185,39.729432,22.9,9.093,43,57.73,,56,294,120,3619,8000001,7,8,-108,-81,12,1,5,-108,55140,47,4264,SPAT,normal
359,1699941131,1699941128,1699941128,-240.754,116.492188,39.729433,22.9,9.093,43,57.73,,57,295,120,3619,8000001,7,8,-112,-84,9,1,5,-112,55140,47,4264,SPAT,normal
360,1699941131,1699941128,1699941128,-237.291,116.49219,39.729434,22.9,9.093,43,57.73,,58,296,120,3619,8000001,7,8,-104,-76,15,1,5,-104,55140,47,4264,SPAT,normal
361,1699941131,1699941128,1699941128,-240.464,116.492191,39.729435,22.9,9.075,43,59.74,,59,297,120,3619,8000001,7,8,-110,-82,11,0,5,-110,55140,47,4264,SPAT,normal
362,1699941131,1699941128,1699941129,-235.867,116.492194,39.729437,22.9,9.093,43,57.73,,60,298,120,3619,8000001,7,8,-105,-78,14,1,5,-105,55140,47,4264,SPAT,normal
363,1699941132,1699941128,1699941129,-233.763,116.492197,39.729438,22.9,9.093,43,57.73,,61,299,120,3619,8000001,7,8,-107,-79,13,1,5,-107,55140,47,4264,SPAT,normal
364,1699941132,1699941128,1699941129,-233.763,116.492198,39.729439,22.901,9.094,44,57.731,,62,300,121,3620,8000001,7,8,-108,-80,14,1,5,-112,55140,47,4264,SPAT,DoS
365,1699941132,1699941128,1699941129,-233.763,116.492199,39.72944,22.902,9.095,45,57.732,,63,301,122,3621,8000001,7,8,-109,-81,15,1,5,-112,55140,47,4264,SPAT,DoS
366,1699941132,1699941128,1699941129,-233.763,116.4922,39.729441,22.903,9.096,46,57.733,,64,302,123,3622,8000001,7,8,-110,-82,16,1,5,-112,55140,47,4264,SPAT,DoS
367,1699941132,1699941128,1699941129,-233.763,116.492201,39.729442,22.904,9.097,47,57.734,,65,303,124,3623,8000001,7,8,-111,-83,17,1,5,-112,55140,47,4264,SPAT,DoS
368,1699941132,1699941128,1699941129,-233.763,116.492202,39.729443,22.905,9.098,48,57.735,,66,304,125,3624,8000001,7,8,-112,-84,18,1,5,-112,55140,47,4264,SPAT,DoS
369,1699941132,1699941128,1699941129,-233.763,116.492203,39.729444,22.906,9.099,49,57.736,,67,305,126,3625,8000001,7,8,-113,-85,19,1,5,-112,55140,47,4264,SPAT,DoS
370,1699941132,1699941128,1699941129,-233.763,116.492204,39.729445,22.907,9.1,50,57.737,,68,306,127,3626,8000001,7,8,-114,-86,20,1,5,-112,55140,47,4264,SPAT,DoS
371,1699941132,1699941128,1699941129,-233.763,116.492205,39.729446,22.908,9.101,51,57.738,,69,307,128,3627,8000001,7,8,-115,-87,21,1,5,-112,55140,47,4264,SPAT,DoS
372,1699941132,1699941128,1699941129,-233.763,116.492206,39.729447,22.909,9.102,52,57.739,,70,308,129,3628,8000001,7,8,-116,-88,22,1,5,-112,55140,47,4264,SPAT,DoS
373,1699941132,1699941128,1699941129,-233.763,116.492207,39.729448,22.91,9.103,53,57.74,,71,309,130,3629,8000001,7,8,-117,-89,23,1,5,-112,55140,47,4264,SPAT,DoS
374,1699941132,1699941128,1699941129,-233.763,116.492208,39.729449,22.911,9.104,54,57.741,,72,310,131,3630,8000001,7,8,-118,-90,24,1,5,-112,55140,47,4264,SPAT,DoS
375,1699941132,1699941128,1699941129,-233.763,116.492209,39.72945,22.912,9.105,55,57.742,,73,311,132,3631,8000001,7,8,-119,-91,25,1,5,-112,55140,47,4264,SPAT,DoS
376,1699941132,1699941128,1699941129,-233.763,116.49221,39.729451,22.913,9.106,56,57.743,,74,312,133,3632,8000001,7,8,-120,-92,26,1,5,-112,55140,47,4264,SPAT,DoS
377,1699941132,1699941128,1699941129,-233.763,116.492211,39.729452,22.914,9.107,57,57.744,,75,313,134,3633,8000001,7,8,-121,-93,27,1,5,-112,55140,47,4264,SPAT,DoS
378,1699941132,1699941128,1699941129,-233.763,116.492212,39.729453,22.915,9.108,58,57.745,,76,314,135,3634,8000001,7,8,-122,-94,28,1,5,-112,55140,47,4264,SPAT,DoS
379,1699941132,1699941128,1699941129,-233.763,116.492213,39.729454,22.916,9.109,59,57.746,,77,315,136,3635,8000001,7,8,-123,-95,29,1,5,-112,55140,47,4264,SPAT,DoS
380,1699941132,1699941128,1699941129,-233.763,116.492214,39.729455,22.917,9.11,60,57.747,,78,316,137,3636,8000001,7,8,-124,-96,30,1,5,-112,55140,47,4264,SPAT,DoS
381,1699941132,1699941128,1699941129,-233.763,116.492215,39.729456,22.918,9.111,61,57.748,,79,317,138,3637,8000001,7,8,-125,-97,31,1,5,-112,55140,47,4264,SPAT,DoS
382,1699941132,1699941128,1699941129,-233.763,116.492216,39.729457,22.919,9.112,62,57.749,,80,318,139,3638,8000001,7,8,-126,-98,32,1,5,-112,55140,47,4264,SPAT,DoS
383,1699941132,1699941128,1699941129,-233.763,116.492217,39.729458,22.92,9.113,63,57.75,,81,319,140,3639,8000001,7,8,-127,-99,33,1,5,-112,55140,47,4264,SPAT,DoS
384,1699941132,1699941128,1699941129,-233.763,116.492218,39.729459,22.921,9.114,64,57.751,,82,320,141,3640,8000001,7,8,-128,-100,34,1,5,-112,55140,47,4264,SPAT,DoS
385,1699941132,1699941128,1699941129,-233.763,116.492219,39.72946,22.922,9.115,65,57.752,,83,321,142,3641,8000001,7,8,-129,-101,35,1,5,-112,55140,47,4264,SPAT,DoS
386,1699941132,1699941128,1699941129,-233.763,116.49222,39.729461,22.923,9.116,66,57.753,,84,322,143,3642,8000001,7,8,-130,-102,36,1,5,-112,55140,47,4264,SPAT,DoS
387,1699941132,1699941128,1699941129,-233.763,116.492221,39.729462,22.924,9.117,67,57.754,,85,323,144,3643,8000001,7,8,-131,-103,37,1,5,-112,55140,47,4264,SPAT,DoS
388,1699941132,1699941128,1699941129,-233.763,116.492222,39.729463,22.925,9.118,68,57.755,,86,324,145,3644,8000001,7,8,-132,-104,38,1,5,-112,55140,47,4264,SPAT,DoS
389,1699941132,1699941128,1699941129,-233.763,116.492223,39.729464,22.926,9.119,69,57.756,,87,325,146,3645,8000001,7,8,-133,-105,39,1,5,-112,55140,47,4264,SPAT,DoS
390,1699941132,1699941128,1699941129,-233.763,116.492224,39.729465,22.927,9.12,70,57.757,,88,326,147,3646,8000001,7,8,-134,-106,40,1,5,-112,55140,47,4264,SPAT,DoS
391,1699941132,1699941128,1699941129,-233.763,116.492225,39.729466,22.928,9.121,71,57.758,,89,327,148,3647,8000001,7,8,-135,-107,41,1,5,-112,55140,47,4264,SPAT,DoS
392,1699941132,1699941128,1699941129,-233.763,116.492226,39.729467,22.929,9.122,72,57.759,,90,328,149,3648,8000001,7,8,-136,-108,42,1,5,-112,55140,47,4264,SPAT,DoS
393,1699941132,1699941128,1699941129,-233.763,116.492227,39.729468,22.93,9.123,73,57.76,,91,329,150,3649,8000001,7,8,-137,-109,43,1,5,-112,55140,47,4264,SPAT,DoS
394,1699941132,1699941128,1699941129,-233.763,116.492228,39.729469,22.931,9.124,74,57.761,,92,330,151,3650,8000001,7,8,-138,-110,44,1,5,-112,55140,47,4264,SPAT,DoS
395,1699941132,1699941128,1699941129,-233.763,116.492229,39.72947,22.932,9.125,75,57.762,,93,331,152,3651,8000001,7,8,-139,-111,45,1,5,-112,55140,47,4264,SPAT,DoS
396,1699941132,1699941128,1699941129,-233.763,116.49223,39.729471,22.933,9.126,76,57.763,,94,332,153,3652,8000001,7,8,-140,-112,46,1,5,-112,55140,47,4264,SPAT,DoS
397,1699941132,1699941128,1699941129,-233.763,116.492231,39.729472,22.934,9.127,77,57.764,,95,333,154,3653,8000001,7,8,-141,-113,47,1,5,-112,55140,47,4264,SPAT,DoS
398,1699941132,1699941128,1699941129,-233.763,116.492232,39.729473,22.935,9.128,78,57.765,,96,334,155,3654,8000001,7,8,-142,-114,48,1,5,-112,55140,47,4264,SPAT,DoS
399,1699941132,1699941128,1699941129,-233.763,116.492233,39.729474,22.936,9.129,79,57.766,,97,335,156,3655,8000001,7,8,-143,-115,49,1,5,-112,55140,47,4264,SPAT,DoS
400,1699941132,1699941128,1699941129,-233.763,116.492234,39.729475,22.937,9.13,80,57.767,,98,336,157,3656,8000001,7,8,-144,-116,50,1,5,-112,55140,47,4264,SPAT,DoS
401,1699941132,1699941128,1699941129,-233.763,116.492235,39.729476,22.938,9.131,81,57.768,,99,337,158,3657,8000001,7,8,-145,-117,51,1,5,-112,55140,47,4264,SPAT,DoS
402,1699941132,1699941128,1699941129,-233.763,116.492236,39.729477,22.939,9.132,82,57.769,,100,338,159,3658,8000001,7,8,-146,-118,52,1,5,-112,55140,47,4264,SPAT,DoS
403,1699941132,1699941128,1699941129,-233.763,116.492237,39.729478,22.94,9.133,83,57.77,,101,339,160,3659,8000001,7,8,-147,-119,53,1,5,-112,55140,47,4264,SPAT,DoS
404,1699941132,1699941128,1699941129,-233.763,116.492238,39.729479,22.941,9.134,84,57.771,,102,340,161,3660,8000001,7,8,-148,-120,54,1,5,-112,55140,47,4264,SPAT,DoS
405,1699941132,1699941128,1699941129,-233.763,116.492239,39.72948,22.942,9.135,85,57.772,,103,341,162,3661,8000001,7,8,-149,-121,55,1,5,-112,55140,47,4264,SPAT,DoS
406,1699941132,1699941128,1699941129,-233.763,116.49224,39.729481,22.943,9.136,86,57.773,,104,342,163,3662,8000001,7,8,-150,-122,56,1,5,-112,55140,47,4264,SPAT,DoS
407,1699941132,1699941128,1699941129,-233.763,116.492241,39.729482,22.944,9.137,87,57.774,,105,343,164,3663,8000001,7,8,-151,-123,57,1,5,-112,55140,47,4264,SPAT,DoS
408,1699941132,1699941128,1699941129,-233.763,116.492242,39.729483,22.945,9.138,88,57.775,,106,344,165,3664,8000001,7,8,-152,-124,58,1,5,-112,55140,47,4264,SPAT,DoS
409,1699941132,1699941128,1699941129,-233.763,116.492243,39.729484,22.946,9.139,89,57.776,,107,345,166,3665,8000001,7,8,-153,-125,59,1,5,-112,55140,47,4264,SPAT,DoS
410,1699941132,1699941128,1699941129,-233.763,116.492244,39.729485,22.947,9.14,90,57.777,,108,346,167,3666,8000001,7,8,-154,-126,60,1,5,-112,55140,47,4264,SPAT,DoS
411,1699941132,1699941128,1699941129,-233.763,116.492245,39.729486,22.948,9.141,91,57.778,,109,347,168,3667,8000001,7,8,-155,-127,61,1,5,-112,55140,47,4264,SPAT,DoS
412,1699941132,1699941128,1699941129,-233.763,116.492246,39.729487,22.949,9.142,92,57.779,,110,348,169,3668,8000001,7,8,-156,-128,62,1,5,-112,55140,47,4264,SPAT,DoS
413,1699941132,1699941128,1699941129,-233.763,116.492247,39.729488,22.95,9.143,93,57.78,,111,349,170,3669,8000001,7,8,-157,-129,63,1,5,-112,55140,47,4264,SPAT,DoS
